coachID,year,tmID,confID,won,lost,games,performance
adubari99w,1,NYL,EA,20,12,32.0,-0.08064485648692488
aglerbr99w,1,MIN,WE,15,17,32.0,-0.7245160684299815
allenso99w,1,SAC,WE,21,11,32.0,-0.24546437310918168
chancva99w,1,HOU,WE,27,5,32.0,0.7536966542070995
coopemi01w,1,LAS,WE,28,4,32.0,2.6997208586675217
darscna99w,1,WAS,EA,9,11,20.0,-0.053021279085791545
donovan99w,1,IND,EA,9,23,32.0,-2.5452711677220146
dunnli99wc,1,SEA,WE,6,26,32.0,-0.3524765227401363
dunntr01wc,1,CHA,EA,8,24,32.0,-0.5920182203726497
hargrli99w,1,POR,WE,10,22,32.0,-0.6955288507489973
hugheda99w,1,CLE,EA,17,15,32.0,-0.7736546396526656
liebena01w,1,DET,EA,14,18,32.0,0.5534821079299388
millech99w,1,PHO,WE,20,12,32.0,-0.49386607260356963
peckca99wc,1,ORL,EA,16,16,32.0,0.45337105011956713
rothsro99w,1,MIA,EA,13,19,32.0,1.7780990170544144
walkeda01w,1,WAS,EA,5,7,12.0,-0.6626291835755758
willifr99w,1,UTA,WE,18,14,32.0,0.9807215465489458
adubari99w,2,NYL,EA,21,11,32.0,-0.1370662259847777
aglerbr99w,2,MIN,WE,12,20,32.0,-0.46367147194176417
allenso99w,2,SAC,WE,6,6,12.0,-3.7197635463061003
chancva99w,2,HOU,WE,19,13,32.0,-0.5136885351868903
coopecy01w,2,PHO,WE,13,19,32.0,0.15442193305869295
coopemi01w,2,LAS,WE,28,4,32.0,2.0272551347339265
donovan99w,2,CHA,EA,18,14,32.0,0.12840721742192318
dunnli99wc,2,SEA,WE,10,22,32.0,1.8449039552500295
fortnne99w,2,IND,EA,10,22,32.0,-1.911105356306772
hargrli99w,2,POR,WE,11,21,32.0,0.402199040791245
harveca99w,2,UTA,WE,14,5,19.0,4.157107001723638
hugheda99w,2,CLE,EA,22,10,32.0,2.0653499278249985
maherto99w,2,WAS,EA,10,22,32.0,-1.8505666918621686
mchugma99w,2,SAC,WE,14,6,20.0,-0.3855710222856046
peckca99wc,2,ORL,EA,13,19,32.0,-1.4581571755284335
rothsro99w,2,MIA,EA,20,12,32.0,2.0494856699166597
willifr99w,2,UTA,WE,5,8,13.0,-1.7148514919966682
willigr99w,2,DET,EA,10,22,32.0,-0.6746883633219312
adubari99w,3,NYL,EA,18,14,32.0,-1.4349167443811957
aglerbr99w,3,MIN,WE,6,13,19.0,-1.4410124235478536
brownde01w,3,ORL,EA,16,16,32.0,-2.049682326535289
chancva99w,3,HOU,WE,24,8,32.0,2.6271830242396446
coopecy01w,3,PHO,WE,6,4,10.0,4.711710309024266
coopemi01w,3,LAS,WE,25,7,32.0,0.9139994462706054
donovan99w,3,CHA,EA,18,14,32.0,-1.8097028718686352
dunnli99wc,3,SEA,WE,17,15,32.0,0.35932607955539164
fortnne99w,3,IND,EA,16,16,32.0,3.5670518817534487
hargrli99w,3,POR,WE,16,16,32.0,1.1399872537082723
harveca99w,3,UTA,WE,20,12,32.0,0.934536812850514
hugheda99w,3,CLE,EA,10,22,32.0,-2.156409775709827
laimbbi01w,3,DET,EA,9,13,22.0,1.306090507576505
mchugma99w,3,SAC,WE,14,18,32.0,-0.5310046524751671
rothsro99w,3,MIA,EA,15,17,32.0,-0.5179788255650927
sharpli99w,3,PHO,WE,5,17,22.0,-0.37620413432943267
stanlma99w,3,WAS,EA,17,15,32.0,0.5867750775750734
vandehe99w,3,MIN,WE,4,9,13.0,-1.5515428054514588
willigr99w,3,DET,EA,0,10,10.0,-4.278205832689751
adubari99w,4,NYL,EA,16,18,34.0,-1.8101987334134364
chancva99w,4,HOU,WE,20,14,34.0,-1.019251627377709
coopemi01w,4,LAS,WE,24,10,34.0,1.6492445402920142
dailesh99w,4,SAS,WE,6,6,12.0,2.2350561117090835
donovan99w,4,SEA,WE,18,16,34.0,-2.83367084073945
fortnne99w,4,IND,EA,16,18,34.0,-0.38219341123590533
harveca99w,4,SAS,WE,6,16,22.0,-1.3221620257507767
hugheda99w,4,CLE,EA,17,17,34.0,2.4276558245913122
laceytr99w,4,CHA,EA,18,16,34.0,2.473542717070464
laimbbi01w,4,DET,EA,25,9,34.0,3.076810746116935
mcconsu01w,4,MIN,WE,18,16,34.0,0.2697453923536212
mchugma99w,4,SAC,WE,7,11,18.0,-3.186095859179132
shumajo01w,4,PHO,WE,8,26,34.0,-2.210284497188101
stanlma99w,4,WAS,EA,9,25,34.0,-1.5869380731738958
thibami99w,4,CON,EA,18,16,34.0,-0.24718877885990487
whisejo99w,4,SAC,WE,12,4,16.0,2.4659285147848675
adamsmi01w,5,WAS,EA,17,17,34.0,3.0831607753397936
adubari99w,5,NYL,EA,7,9,16.0,-0.6580081853517082
brownde01w,5,SAS,WE,6,20,26.0,-4.81763262754909
chancva99w,5,HOU,WE,13,21,34.0,-2.02966227413536
coopemi01w,5,LAS,WE,14,6,20.0,0.9057824663253697
coylepa99w,5,NYL,EA,11,7,18.0,2.635447421690572
dailesh99w,5,SAS,WE,3,5,8.0,-2.081531046313967
donovan99w,5,SEA,WE,20,14,34.0,-1.5902343438388409
grafca99wc,5,PHO,WE,17,17,34.0,-0.6292770707562111
laceytr99w,5,CHA,EA,16,18,34.0,-0.30042473804681336
laimbbi01w,5,DET,EA,17,17,34.0,-0.8641617791500932
mcconsu01w,5,MIN,WE,18,16,34.0,2.493493636559438
thibami99w,5,CON,EA,18,16,34.0,-0.6143734208890975
thompka99w,5,LAS,WE,11,3,14.0,2.5318085488879585
weisery99w,5,LAS,WE,11,3,14.0,2.5318085488879585
whisejo99w,5,SAC,WE,18,16,34.0,0.21754376114083507
wintebr01w,5,IND,EA,15,19,34.0,-0.8137396728007582
adubari99w,6,WAS,EA,16,18,34.0,1.5318984318782856
bibbyhe01w,6,LAS,WE,13,15,28.0,-2.181602561253846
boguemu01w,6,CHA,EA,3,7,10.0,-0.12240114881286746
bryanjo01w,6,LAS,WE,4,2,6.0,1.9286434911699497
chancva99w,6,HOU,WE,19,15,34.0,-0.7822237596630508
coylepa99w,6,NYL,EA,18,16,34.0,-0.8170422471316219
donovan99w,6,SEA,WE,20,14,34.0,0.055422263331942
grafca99wc,6,PHO,WE,16,18,34.0,0.3675332282194882
hugheda99w,6,SAS,WE,7,27,34.0,-1.8456607205633504
laceytr99w,6,CHA,EA,3,21,24.0,-3.676555088261679
laimbbi01w,6,DET,EA,16,18,34.0,3.129533070761108
mcconsu01w,6,MIN,WE,14,20,34.0,0.607456582918116
thibami99w,6,CON,EA,26,8,34.0,0.7723798382242449
whisejo99w,6,SAC,WE,25,9,34.0,-0.6800416720866417
wintebr01w,6,IND,EA,21,13,34.0,1.712660291269925
adubari99w,7,WAS,EA,18,16,34.0,0.17617480459160484
boguemu01w,7,CHA,EA,11,23,34.0,-0.8763343881747915
bryanjo01w,7,LAS,WE,25,9,34.0,2.9337825083831164
chancva99w,7,HOU,WE,18,16,34.0,-2.7593395400365086
cowenda01w,7,CHI,EA,5,29,34.0,-1.394661773939652
coylepa99w,7,NYL,EA,11,23,34.0,0.7084675111147907
donovan99w,7,SEA,WE,18,16,34.0,-0.31120795992858474
hugheda99w,7,SAS,WE,13,21,34.0,2.4789178490584307
jenkica99w,7,MIN,WE,1,10,11.0,-3.304698334539405
laimbbi01w,7,DET,EA,23,11,34.0,-0.02502815011940762
mcconsu01w,7,MIN,WE,9,14,23.0,1.8525769716358138
thibami99w,7,CON,EA,26,8,34.0,0.6212075286293581
westhpa99w,7,PHO,WE,18,16,34.0,1.0756580738931394
whisejo99w,7,SAC,WE,21,13,34.0,-1.1538786829901932
wintebr01w,7,IND,EA,21,13,34.0,-0.021636417577717615
adubari99w,8,WAS,EA,0,4,4.0,-4.159007594578018
bouceje01w,8,SAC,WE,19,15,34.0,0.6595466191255598
coopemi01w,8,LAS,WE,10,24,34.0,-0.181167306677962
coylepa99w,8,NYL,EA,16,18,34.0,0.6906275437551184
donovan99w,8,SEA,WE,17,17,34.0,-1.2469308869895306
hugheda99w,8,SAS,WE,20,14,34.0,-0.5226443545355457
laimbbi01w,8,DET,EA,24,10,34.0,0.8264394446861235
overtbo99w,8,CHI,EA,14,20,34.0,0.03000503409550266
rollitr01w,8,WAS,EA,16,14,30.0,3.0633275366075265
thibami99w,8,CON,EA,18,16,34.0,-1.0582878342525621
thompka99w,8,HOU,WE,13,21,34.0,-1.562380544144415
westhpa99w,8,PHO,WE,23,11,34.0,1.6712459096569754
wintebr01w,8,IND,EA,21,13,34.0,2.6649259875014035
zierddo99w,8,MIN,WE,10,24,34.0,-0.8756995542501749
aglerbr99w,9,SEA,WE,22,12,34.0,-0.006179277429618768
bouceje01w,9,SAC,WE,18,16,34.0,0.9406215695731965
coopemi01w,9,LAS,WE,20,14,34.0,1.7748453317243884
coylepa99w,9,NYL,EA,19,15,34.0,0.9693006631240855
dunnli99wc,9,IND,EA,17,17,34.0,-0.9688309403146536
gaineco01w,9,PHO,WE,16,18,34.0,-0.41994000385245256
hugheda99w,9,SAS,WE,24,10,34.0,-0.1355446521158763
kenlaje99w,9,WAS,EA,2,10,12.0,-2.214053346246797
keyst99wc,9,CHI,EA,12,22,34.0,-1.138099368479211
laimbbi01w,9,DET,EA,22,12,34.0,0.21659811814354038
meadoma99w,9,ATL,EA,4,30,34.0,-2.471827207530955
rollitr01w,9,WAS,EA,8,14,22.0,2.102471267435682
thibami99w,9,CON,EA,21,13,34.0,-0.7404390572699394
thompka99w,9,HOU,WE,17,17,34.0,0.29851834991689585
zierddo99w,9,MIN,WE,16,18,34.0,1.7925585533217183
aglerbr99w,10,SEA,WE,20,14,34.0,-0.239788349757585
bouceje01w,10,SAC,WE,3,10,13.0,-4.301676464738858
coopemi01w,10,LAS,WE,18,16,34.0,0.6590226636714803
coylepa99w,10,NYL,EA,6,11,17.0,-1.8990005945958675
donovan99w,10,NYL,EA,7,10,17.0,-0.6018047819371639
dunnli99wc,10,IND,EA,22,12,34.0,0.5508274251062686
gaineco01w,10,PHO,WE,23,11,34.0,6.009154944928973
gilloje01w,10,MIN,WE,14,20,34.0,-0.48211627032982873
hugheda99w,10,SAS,WE,15,19,34.0,1.8804633477483348
keyst99wc,10,CHI,EA,16,18,34.0,2.12353547723182
laimbbi01w,10,DET,EA,1,2,3.0,-4.007649081536013
mahorri01w,10,DET,EA,17,14,31.0,0.7347872228076363
meadoma99w,10,ATL,EA,18,16,34.0,0.815167983051539
plankju99w,10,WAS,EA,16,18,34.0,-0.20442956056686523
thibami99w,10,CON,EA,16,18,34.0,-1.0968166026478805
whisejo99w,10,SAC,WE,9,12,21.0,0.06032264156403755
